mu,sigma
0.04602573645286826,0.04677993956391965
