alpha,beta1,beta2,beta3,nu,sigma
0.04263425305294332,0.9748529150782069,2.0411992961110954,3.1547951357293997,4.598579665970552,0.048548564833375545
