VaR Absolute,VaR Diff from Mean
0.041561029905893,0.087469935899861
