VaR Absolute,VaR Diff from Mean
0.030920416807416,0.076946153260284
