VaR Absolute,VaR Diff from Mean
0.041741601394337,0.087650507388306
