ES Absolute,ES Diff from Mean
0.07530162141250864,0.12124200145986277
