Stock,VaR95,ES95,VaR95_Pct,ES95_Pct
A,94.199987088649465,117.905882093247456,0.047099993544325,0.058952941046624
B,108.587911735256895,152.268949551461560,0.036195970578419,0.050756316517154
Total,148.799014007938894,202.706803936654836,0.029759802801588,0.040541360787331
